Echo Wells,accumsan.neque@acmetus.com,800000079,94
Candace Bishop,adipiscing@bibendum.com,800000057,49
Conan Daugherty,aliquam.arcu.Aliquam@nequenon.net,800000053,96
Emmanuel Chan,arcu.Vestibulum@Etiamvestibulummassa.com,800000062,41
Beatrice Morgan,augue@tempus.edu,800000055,47
Ursula Dickson,congue.In@velsapien.com,800000051,60
Donna Dennis,consectetuer@turpis.net,800000021,64
Tarik Sargent,cubilia.Curae@vehiculaet.edu,800000009,73
Kiona Santana,Cum.sociis.natoque@tristiquealiquetPhasellus.co.uk,800000069,68
Travis House,Donec.at@risusMorbi.net,800000046,40
Barbara Walter,Donec@placeratvelitQuisque.edu,800000005,84
Echo Haynes,dui.in.sodales@eget.net,800000074,64
Keely Graham,dui@anteipsumprimis.co.uk,800000043,47
Taylor Roberson,Duis.mi.enim@aceleifendvitae.edu,800000052,72
Deacon Richards,eget.dictum@eget.com,800000066,90
Mikayla Grant,eget.dictum@tincidunttempusrisus.edu,800000044,37
Vance Everett,elit.pellentesque@bibendum.edu,800000050,77